"","chr","start","end","strand","pvalue","qvalue","meth.diff"
"665","NC_035780.1",401631,401631,"+",1.9894967724195e-27,4.12259429890381e-25,53.6670362743545
"1003","NC_035780.1",571139,571139,"+",9.537633295453e-30,2.55316307346757e-27,58.2278481012658
"1950","NC_035780.1",1882692,1882692,"+",1.54857474241667e-28,3.67257165563022e-26,64.8148148148148
"1969","NC_035780.1",1885023,1885023,"+",1.56214555549646e-14,6.6656460716732e-13,61.2143987341772
"2066","NC_035780.1",1933500,1933500,"+",1.26044543179399e-19,1.04857966005056e-17,51.324937688574
"2999","NC_035780.1",2584493,2584493,"+",3.12717630109529e-57,9.28810093887902e-54,56.4664786447676
"3034","NC_035780.1",2589721,2589721,"+",1.68486904936225e-36,8.81255052160502e-34,57.042957042957
"4050","NC_035780.1",4286287,4286287,"+",7.52375071158354e-42,6.25701201644084e-39,67.4630816383394
"6062","NC_035780.1",8833125,8833125,"+",1.87756815984505e-15,9.11352604694824e-14,60.1254480286738
"7120","NC_035780.1",12631454,12631454,"+",7.95429303615801e-18,5.30762177974547e-16,60.2577873254565
"8268","NC_035780.1",15412265,15412265,"+",3.76664422077054e-36,1.89464029942841e-33,50.931430328499
"8285","NC_035780.1",15414935,15414935,"+",4.46713127041768e-19,3.48065704421621e-17,51.580544137796
"10835","NC_035780.1",19482569,19482569,"+",1.39169778758904e-76,2.31476828885151e-72,56.7761299435028
"13462","NC_035780.1",22276727,22276727,"+",3.17267485635371e-45,3.54956023228931e-42,55.7151959222682
"14726","NC_035780.1",24227053,24227053,"+",9.17964490545048e-39,5.90266318661926e-36,79.8387096774193
"18620","NC_035780.1",27396183,27396183,"+",2.448830698055e-28,5.67279257459875e-26,52.6108743502084
"18741","NC_035780.1",27482717,27482717,"+",1.14723968836811e-26,2.20173302601652e-24,52.0311149524633
"19979","NC_035780.1",28739473,28739473,"+",8.61705495488073e-83,2.14987252233155e-78,62.9210433795728
"22958","NC_035780.1",32447268,32447268,"+",1.883168387765e-38,1.17165197491173e-35,63.4901556776557
"23372","NC_035780.1",32766798,32766798,"+",3.6984292636719e-19,2.91447445138457e-17,58.1214689265537
"26007","NC_035780.1",38085953,38085953,"+",1.34635907565697e-25,2.2696193903319e-23,59.5918367346939
"26097","NC_035780.1",38132129,38132129,"+",2.38715783804869e-19,1.92555115914318e-17,55.3359683794466
"26130","NC_035780.1",38236494,38236494,"+",9.95989456119202e-14,3.79895752678737e-12,50.4091954022988
"31934","NC_035780.1",43027589,43027589,"+",1.27025526740795e-27,2.72031330386318e-25,50.9307567093785
"32270","NC_035780.1",43327057,43327057,"+",2.30284094112487e-12,7.1725008198447e-11,50.7661290322581
"33325","NC_035780.1",48165058,48165058,"+",1.87496597595549e-86,6.68265741290207e-82,72.7495908346972
"35838","NC_035780.1",55852213,55852213,"+",1.30976739966275e-14,5.65451458281376e-13,58.0645161290323
"37334","NC_035780.1",58135768,58135768,"+",4.02294130184559e-42,3.43727825626125e-39,74.6984587893679
"38937","NC_035780.1",60359487,60359487,"+",5.48093148609015e-107,1.3674398109824e-101,65.5254490247543
"40518","NC_035780.1",62750218,62750218,"+",4.55944265357327e-51,7.89956381832671e-48,53.6949479029857
"42110","NC_035781.1",275905,275905,"+",1.37738219756852e-17,8.88886810629668e-16,53.7047222440481
"45114","NC_035781.1",2277405,2277405,"+",2.38469787846999e-57,7.53112958498445e-54,57.4353123861134
"45482","NC_035781.1",2383029,2383029,"+",5.43557258711535e-43,4.98574706231746e-40,67.0758928571429
"49443","NC_035781.1",5386448,5386448,"+",6.31432273508759e-24,8.92051489478204e-22,50.5489679402723
"50294","NC_035781.1",5652042,5652042,"+",9.99641087717148e-28,2.17437540427149e-25,63.4633911368015
"50972","NC_035781.1",5928087,5928087,"+",7.46696649540333e-17,4.35978583640143e-15,52.176220806794
"52118","NC_035781.1",7609506,7609506,"+",1.45384551359983e-52,2.94894719187276e-49,57.4661246612466
"52850","NC_035781.1",8787456,8787456,"+",1.04439761822674e-38,6.68120983974933e-36,55.7665710912464
"53358","NC_035781.1",9369564,9369564,"+",5.88581314270141e-30,1.6136856033834e-27,51.9350462815193
"54421","NC_035781.1",10427420,10427420,"+",7.08478564718903e-55,1.66753399401589e-51,56.3683502095506
"54427","NC_035781.1",10427643,10427643,"+",4.04392645431604e-70,3.60328873213209e-66,63.578481266577
"61196","NC_035781.1",20620124,20620124,"+",6.20264952061915e-42,5.24576791532301e-39,57.7653631284916
"63500","NC_035781.1",22439770,22439770,"+",7.04523840906674e-52,1.31173087853659e-48,53.8431991220248
"64026","NC_035781.1",22901073,22901073,"+",1.09193667808556e-68,9.08092410007005e-65,54.5212067328093
"65154","NC_035781.1",24474568,24474568,"+",3.45344020244e-08,5.11578311029646e-07,53.0612244897959
"66748","NC_035781.1",28525220,28525220,"+",3.44255838976761e-18,2.40702064011697e-16,50.6208425720621
"66777","NC_035781.1",28992819,28992819,"+",4.65879615365645e-22,5.24278274568167e-20,52.9083204930662
"66809","NC_035781.1",29126964,29126964,"+",1.16075549193079e-18,8.58066241996831e-17,51.989247311828
"67280","NC_035781.1",29385293,29385293,"+",4.06393263338884e-33,1.56467931280426e-30,56.0455530307034
"68527","NC_035781.1",30062223,30062223,"+",1.06788601261376e-18,7.92702507456419e-17,60.7400194741967
"68661","NC_035781.1",30153251,30153251,"+",1.01820286775486e-61,4.61876081584103e-58,51.1417982673559
"69374","NC_035781.1",30488985,30488985,"+",1.10686794925034e-43,1.07872239014781e-40,51.8600237247924
"70252","NC_035781.1",30827586,30827586,"+",1.84910671195746e-26,3.46087307336901e-24,55.2655677655678
"70720","NC_035781.1",31150011,31150011,"+",2.93169825135558e-09,5.36475415325838e-08,53.5142118863049
"71265","NC_035781.1",32146060,32146060,"+",9.57434655560303e-38,5.54224498974535e-35,52.2772153480815
"73666","NC_035781.1",37444182,37444182,"+",4.17574291593903e-27,8.34781880822501e-25,56.4884302689181
"77656","NC_035781.1",43382431,43382431,"+",3.15330838737188e-11,8.21211047629859e-10,52.2161172161172
"77699","NC_035781.1",43563162,43563162,"+",5.98098273802582e-19,4.58432503799921e-17,56.3768115942029
"77942","NC_035781.1",45110113,45110113,"+",8.03046323914113e-94,5.00880879541232e-89,73.0210997442455
"78365","NC_035781.1",47215728,47215728,"+",1.32841491130614e-22,1.60808720502215e-20,52.0504385964912
"78864","NC_035781.1",49000883,49000883,"+",6.98932584109471e-33,2.6222101173906e-30,61.1087795870405
"81703","NC_035781.1",53358700,53358700,"+",7.38592661008781e-36,3.64894616666055e-33,56.9805289160128
"82679","NC_035781.1",53674858,53674858,"+",1.06876056119892e-26,2.062223543975e-24,68.3216494845361
"82957","NC_035781.1",54151549,54151549,"+",1.69940154342897e-18,1.23502585988051e-16,54.6332046332046
"84073","NC_035781.1",54715614,54715614,"+",3.80026880917724e-33,1.46542596702283e-30,56.4012636538873
"84136","NC_035781.1",54737384,54737384,"+",1.64239234745561e-20,1.52554404452557e-18,56.7620650953984
"84319","NC_035781.1",54790380,54790380,"+",1.53949945936751e-20,1.43638871405229e-18,61.1523506539413
"84692","NC_035781.1",56224735,56224735,"+",1.13662578230464e-25,1.93989365222286e-23,58.3225806451613
"84718","NC_035781.1",56296257,56296257,"+",7.22237719824621e-25,1.12059316251408e-22,63.1414267834793
"86662","NC_035781.1",59274789,59274789,"+",3.06628843856954e-38,1.8658769303491e-35,51.7533936651584
"86666","NC_035781.1",59274912,59274912,"+",5.33422665209681e-40,3.75943040303594e-37,61.2453531598513
"86934","NC_035781.1",59590230,59590230,"+",2.65723789691482e-18,1.88179209915626e-16,51.3275323516287
"87227","NC_035781.1",59698880,59698880,"+",1.18936229803391e-21,1.27081147874477e-19,66.4713759625042
"87331","NC_035781.1",59716718,59716718,"+",5.79958408096653e-71,6.02891906511097e-67,54.1202672605791
"87336","NC_035781.1",59717178,59717178,"+",5.14083215516673e-55,1.23325797259274e-51,56.1371073298429
"88477","NC_035782.1",3352882,3352882,"+",1.25274542232564e-18,9.22242436045411e-17,56.9444444444444
"89206","NC_035782.1",4729349,4729349,"+",3.37213228460818e-15,1.58469513310338e-13,55.3534303534303
"89853","NC_035782.1",6425689,6425689,"+",3.26669576843391e-22,3.74544690782929e-20,55.3931835491241
"91110","NC_035782.1",8707638,8707638,"+",1.03370746159824e-47,1.44078263828896e-44,52.2722044461175
"93807","NC_035782.1",15347936,15347936,"+",5.16207884232923e-32,1.78377996684368e-29,55.660303856642
"95077","NC_035782.1",19354458,19354458,"+",1.82096384754015e-33,7.17714069614156e-31,53.6017494211474
"98476","NC_035782.1",22559284,22559284,"+",7.15075295196457e-57,2.02732300361221e-53,52.5774922537654
"99137","NC_035782.1",23870429,23870429,"+",8.51285756691598e-32,2.87398683884746e-29,74.0659340659341
"100573","NC_035782.1",25351682,25351682,"+",2.4597664469958e-30,6.99758409014835e-28,52.7054985278905
"102010","NC_035782.1",29760017,29760017,"+",6.78595007521677e-31,2.09274341911476e-28,50.1901402391809
"112271","NC_035782.1",37370861,37370861,"+",2.52435962143793e-58,8.51085813372742e-55,73.6453797774552
"112273","NC_035782.1",37370873,37370873,"+",7.35937025716625e-42,6.14077678576367e-39,75.1627767204247
"112275","NC_035782.1",37370882,37370882,"+",1.28929517575192e-25,2.17931418919843e-23,68.0344827586207
"113550","NC_035782.1",40860497,40860497,"+",3.3539131264527e-86,1.04596142629387e-81,59.3705077672154
"114820","NC_035782.1",43017703,43017703,"+",2.3123235640266e-25,3.79042404902195e-23,54.4062666904041
"115319","NC_035782.1",45857196,45857196,"+",8.46392282619501e-52,1.55269671005455e-48,52.1154543173391
"116205","NC_035782.1",46793651,46793651,"+",8.29506275346447e-11,2.01160435254894e-09,58.9169000933707
"117912","NC_035782.1",48662583,48662583,"+",2.23895348009552e-34,9.68106426996011e-32,60.8333333333333
"118753","NC_035782.1",49656583,49656583,"+",4.14284224889005e-11,1.0577152952837e-09,53.7116206762534
"118963","NC_035782.1",49693131,49693131,"+",1.87537203210949e-09,3.54997971181387e-08,51.3240857503153
"119695","NC_035782.1",50390336,50390336,"+",3.77249355729199e-27,7.57810742229145e-25,50.8443113772455
"119759","NC_035782.1",50620241,50620241,"+",6.47727927354317e-34,2.65333426560526e-31,55.616550754083
"122767","NC_035782.1",53693368,53693368,"+",1.35843971280143e-30,4.02037571543722e-28,61.3897051853256
"125834","NC_035782.1",57056677,57056677,"+",1.99592282742442e-08,3.10219033545716e-07,53.2467532467533
"125850","NC_035782.1",57057399,57057399,"+",3.47639988652648e-24,5.03090726389504e-22,51.7838196286472
"126936","NC_035782.1",58675231,58675231,"+",1.22005087918505e-15,6.07082143593393e-14,52.4660253473813
"126939","NC_035782.1",58675270,58675270,"+",1.79728530637748e-33,7.09502274151894e-31,50.7915677788636
"129184","NC_035782.1",61203971,61203971,"+",2.55039283458132e-14,1.05785293227173e-12,51.4949845679012
"130962","NC_035782.1",63438237,63438237,"+",4.00900406529382e-36,2.01249103430538e-33,68.0871828236825
"131178","NC_035782.1",63514945,63514945,"+",2.91690042301386e-57,8.76793572389581e-54,50.8899987194263
"132212","NC_035782.1",64758096,64758096,"+",4.21795650020339e-62,1.94877716937146e-58,53.1891025641026
"133253","NC_035782.1",65377029,65377029,"+",7.60624663879606e-24,1.06491893779135e-21,51.6207429851971
"135108","NC_035782.1",67715553,67715553,"+",8.95931672917619e-33,3.31979614006626e-30,66.2878787878788
"140512","NC_035783.1",2891929,2891929,"+",9.155442835415e-30,2.45348564143556e-27,52.8845098856729
"140937","NC_035783.1",4336101,4336101,"+",2.09542331969692e-26,3.8753744304438e-24,63.7449079926956
"149192","NC_035783.1",16217947,16217947,"+",1.04308181719884e-27,2.26294699147945e-25,53.2319294105576
"151302","NC_035783.1",17850325,17850325,"+",5.05884087487448e-15,2.31498946047055e-13,54.9563172043011
"151628","NC_035783.1",18011471,18011471,"+",3.83880745615466e-60,1.54475100527313e-56,51.5159394664309
"153830","NC_035783.1",19526093,19526093,"+",6.98535037927819e-42,5.86793901848452e-39,50.0672109927313
"153879","NC_035783.1",19545474,19545474,"+",8.18739320852375e-17,4.75593955676891e-15,50.4852624011503
"154277","NC_035783.1",19594385,19594385,"+",8.88964468448203e-13,2.95740144392357e-11,51.4217379750199
"155052","NC_035783.1",19856041,19856041,"+",3.04308452839066e-18,2.13985453358875e-16,50.6929637526653
"157352","NC_035783.1",20710046,20710046,"+",7.42699759179713e-21,7.19597914557114e-19,61.1653272101033
"157353","NC_035783.1",20710064,20710064,"+",7.66729460929741e-28,1.67947008777034e-25,61.7194570135747
"157354","NC_035783.1",20710092,20710092,"+",1.1490087093927e-31,3.82732506211385e-29,83.9833315525163
"157370","NC_035783.1",20719352,20719352,"+",1.28236069406312e-52,2.62243186628968e-49,52.9867221244601
"158185","NC_035783.1",20844035,20844035,"+",6.67352436250411e-26,1.17417509843063e-23,70.4526315789474
"158190","NC_035783.1",20844475,20844475,"+",1.5795806408661e-55,3.94090212304083e-52,65.5899585262557
"158298","NC_035783.1",20856441,20856441,"+",5.08697893483807e-55,1.23218682504638e-51,55.1671377994895
"159211","NC_035783.1",21066969,21066969,"+",5.8442358079457e-60,2.19899914489938e-56,50.3161050641987
"159212","NC_035783.1",21066995,21066995,"+",2.45092033358069e-74,3.05740552147943e-70,54.1483516483516
"159244","NC_035783.1",21070059,21070059,"+",4.48124614682595e-37,2.46261654576235e-34,53.1645569620253
"159361","NC_035783.1",21076507,21076507,"+",1.3173168677658e-47,1.81578959993442e-44,50.4994722072037
"159396","NC_035783.1",21109546,21109546,"+",2.24344601775389e-46,2.7303329434744e-43,53.8412112432533
"159403","NC_035783.1",21111799,21111799,"+",2.913435696093e-22,3.36204555487501e-20,66.5147025302029
"159719","NC_035783.1",22397442,22397442,"+",5.82318779711777e-20,5.05859845510467e-18,50.8986415882968
"160023","NC_035783.1",23130126,23130126,"+",2.29193775899788e-23,3.04157700812679e-21,53.9158950617284
"162103","NC_035783.1",26360834,26360834,"+",1.13808937259834e-35,5.52417076660795e-33,65.7971014492754
"163085","NC_035783.1",29749415,29749415,"+",7.89733540227734e-16,4.02350296172505e-14,57.6054041462847
"163355","NC_035783.1",30386526,30386526,"+",1.38465536881228e-11,3.8244019420092e-10,52.3529411764706
"163735","NC_035783.1",30742308,30742308,"+",2.20760544015602e-33,8.64641088267375e-31,52.4360442917144
"164544","NC_035783.1",32197765,32197765,"+",7.41968224869193e-18,4.97350758215357e-16,55.2380952380952
"165265","NC_035783.1",32580031,32580031,"+",6.48735933650215e-34,2.65333426560526e-31,62.6811594202899
"167877","NC_035783.1",36262748,36262748,"+",1.31386909689672e-17,8.49436983262407e-16,57.3809523809524
"168406","NC_035783.1",36586660,36586660,"+",1.76007283315121e-20,1.62939251311107e-18,52.516838000709
"171461","NC_035783.1",45068803,45068803,"+",4.04402880429213e-47,5.22770145250712e-44,52.6878483618496
"173941","NC_035783.1",46125339,46125339,"+",4.32890841528329e-29,1.08002110958293e-26,51.7758631376681
"174612","NC_035783.1",47273230,47273230,"+",5.17200654480188e-61,2.15061000427039e-57,56.7901322236582
"182760","NC_035783.1",57926773,57926773,"+",2.18565558787661e-24,3.22471966713485e-22,65.9069325735992
"182801","NC_035783.1",57931741,57931741,"+",4.75707646943025e-13,1.64588119596346e-11,50.830889540567
"182945","NC_035783.1",58186424,58186424,"+",1.43910080777552e-43,1.38093016148764e-40,60.3241822429907
"184858","NC_035784.1",1992224,1992224,"+",2.43810254255254e-36,1.25678344717638e-33,61.0573042776433
"185577","NC_035784.1",2333164,2333164,"+",1.03524753196192e-30,3.11937590617162e-28,57.8792650918635
"185578","NC_035784.1",2333299,2333299,"+",2.91088194297029e-27,5.94788789570493e-25,63.8782051282051
"186377","NC_035784.1",3040123,3040123,"+",1.89459273127565e-24,2.81526328777828e-22,50.1308933790825
"187350","NC_035784.1",3631156,3631156,"+",2.51411925232572e-17,1.56499158699726e-15,50.0674763832659
"188893","NC_035784.1",7656221,7656221,"+",9.32057002554508e-41,6.94147098973169e-38,54.654295532646
"189013","NC_035784.1",7825972,7825972,"+",7.68286614955733e-36,3.7881450194494e-33,56.7104836092178
"194260","NC_035784.1",14145240,14145240,"+",4.1025449654353e-10,8.76173258877228e-09,54.649947753396
"198521","NC_035784.1",21869175,21869175,"+",1.13766257142529e-20,1.07717607061306e-18,51.7746913580247
"199388","NC_035784.1",25138821,25138821,"+",7.6086972418233e-18,5.08790391070383e-16,50.0147928994083
"200154","NC_035784.1",26800340,26800340,"+",2.74201242216758e-23,3.62344166891098e-21,66.6223908918406
"200169","NC_035784.1",26845665,26845665,"+",1.30440994922808e-14,5.63236007731456e-13,59.2013888888889
"202409","NC_035784.1",32778720,32778720,"+",1.97943180116512e-35,9.37095331770605e-33,51.8620877129395
"202805","NC_035784.1",34072924,34072924,"+",5.99151508112212e-23,7.55343869834931e-21,51.7012532003773
"204715","NC_035784.1",36745879,36745879,"+",8.702726202171e-30,2.3498340654033e-27,63.4058704453441
"204809","NC_035784.1",36788437,36788437,"+",1.81800661334432e-20,1.67866470951665e-18,51.1450381679389
"205194","NC_035784.1",36957812,36957812,"+",3.3563161889125e-40,2.39248194874036e-37,50.2112834766931
"207018","NC_035784.1",38226016,38226016,"+",7.08812480562087e-41,5.3265636194071e-38,54.1180956531213
"207688","NC_035784.1",39858401,39858401,"+",1.37152629634892e-34,6.02434242655161e-32,57.6592167721519
"209688","NC_035784.1",42036909,42036909,"+",7.37952705567746e-64,4.28167717848386e-60,56.0277017783858
"214091","NC_035784.1",45667413,45667413,"+",1.19508473832729e-21,1.27583300910481e-19,56.4808743169399
"214721","NC_035784.1",45928234,45928234,"+",2.62534325330101e-49,4.09373718131761e-46,50.0683526999316
"216392","NC_035784.1",46805445,46805445,"+",1.45974749063707e-47,2.00106039140664e-44,70.8438196071625
"218815","NC_035784.1",49941161,49941161,"+",6.27049657096272e-14,2.46599735659435e-12,52.9237288135593
"218879","NC_035784.1",49990877,49990877,"+",2.06663273209761e-17,1.30137565707763e-15,51.7558580396544
"219022","NC_035784.1",50085313,50085313,"+",5.32742252981583e-35,2.42102149263698e-32,50.7468553459119
"219830","NC_035784.1",50724128,50724128,"+",3.63775048016898e-22,4.14611163588639e-20,53.4308394954328
"220431","NC_035784.1",51552242,51552242,"+",3.26054651644789e-27,6.60824587961912e-25,53.8568823087652
"221104","NC_035784.1",52580951,52580951,"+",6.65800498561521e-09,1.14141988178668e-07,50.7936507936508
"221141","NC_035784.1",52582703,52582703,"+",3.74685704415873e-22,4.26073326266542e-20,60.3361344537815
"221223","NC_035784.1",52601241,52601241,"+",1.06432155373006e-30,3.20311235788931e-28,51.9230769230769
"223067","NC_035784.1",53283229,53283229,"+",1.68577594566493e-21,1.76567977248336e-19,55.8994599085999
"223201","NC_035784.1",53329760,53329760,"+",6.14135095409736e-24,8.69091395854605e-22,50.4058797718298
"223796","NC_035784.1",53515950,53515950,"+",4.93279479018329e-15,2.26145712100556e-13,50.5649717514124
"225111","NC_035784.1",54347059,54347059,"+",6.51866150359038e-80,1.35528624361116e-75,72.5568436951463
"225719","NC_035784.1",55104963,55104963,"+",1.74985880503073e-38,1.09691703588134e-35,52.0612363985858
"226312","NC_035784.1",55379467,55379467,"+",2.16784062131122e-17,1.3582507094579e-15,57.0766032304494
"227022","NC_035784.1",57133704,57133704,"+",7.47277759712178e-40,5.19327660727017e-37,57.5700204351485
"227702","NC_035784.1",57514693,57514693,"+",4.58316273408391e-37,2.51308818090003e-34,53.8690476190476
"228992","NC_035784.1",58701602,58701602,"+",3.56794170673084e-36,1.80561301826549e-33,53.1484962406015
"229482","NC_035784.1",59002732,59002732,"+",3.90996234488227e-29,9.79415748200243e-27,54.9924242424243
"229586","NC_035784.1",59129087,59129087,"+",5.70596413788191e-66,3.74627183736898e-62,69.4449478344164
"230262","NC_035784.1",59679679,59679679,"+",1.10621814663072e-61,4.9284073635665e-58,61.6812578166875
"231510","NC_035784.1",60464772,60464772,"+",2.07950122995767e-53,4.59128851384651e-50,60.2624363493929
"231520","NC_035784.1",60466859,60466859,"+",1.77151560938311e-31,5.78502807786484e-29,51.8230544095349
"232301","NC_035784.1",61208184,61208184,"+",3.88742740995457e-39,2.58633556049948e-36,52.5581395348837
"232598","NC_035784.1",61728079,61728079,"+",6.24872014904031e-12,1.81807080433758e-10,58.9783281733746
"236138","NC_035784.1",65591167,65591167,"+",1.57479564990788e-10,3.63523688912459e-09,52.0009643201543
"240269","NC_035784.1",67990333,67990333,"+",1.93261416173963e-16,1.06580169776e-14,53.5967399007796
"240278","NC_035784.1",67991199,67991199,"+",8.44757161676652e-104,1.05379402791366e-98,65.068530806088
"245422","NC_035784.1",76218383,76218383,"+",5.35528077919722e-25,8.42959725773957e-23,63.8339920948617
"246936","NC_035784.1",79293415,79293415,"+",1.39460526131832e-45,1.58154831874172e-42,55.1282051282051
"247686","NC_035784.1",79841167,79841167,"+",5.63990812562758e-51,9.63769148639438e-48,51.3280145815151
"248638","NC_035784.1",81784752,81784752,"+",4.74747850642396e-12,1.41022780181074e-10,51.7203107658158
"249172","NC_035784.1",82101046,82101046,"+",1.35625030516742e-36,7.16888636898602e-34,51.1034482758621
"254215","NC_035784.1",87735301,87735301,"+",1.51315370158068e-62,7.40230055652151e-59,55.2893518518519
"254314","NC_035784.1",87874189,87874189,"+",1.28880163234608e-14,5.56785523778278e-13,52.3349436392915
"254825","NC_035784.1",88305441,88305441,"+",5.28762076437487e-17,3.14772283683205e-15,52.9237288135593
"255096","NC_035784.1",89193227,89193227,"+",5.44190922994956e-25,8.55516151563526e-23,60.7658157602664
"255292","NC_035784.1",89588290,89588290,"+",3.60610025985669e-09,6.4935937267546e-08,52.1505376344086
"255888","NC_035784.1",90812485,90812485,"+",2.99231120342108e-17,1.84790329494097e-15,51.1895321173672
"258776","NC_035784.1",94932868,94932868,"+",3.89416623224716e-23,5.04704990485111e-21,51.7418394137701
"259517","NC_035784.1",96107107,96107107,"+",1.68145047901026e-47,2.27992260533805e-44,53.4160411453989
"260163","NC_035784.1",96552801,96552801,"+",6.84769561146376e-18,4.60991458405232e-16,50.0833333333333
"260734","NC_035784.1",97120641,97120641,"+",3.1453443297796e-50,5.162718603177e-47,54.5974765974766
"260976","NC_035784.1",97250746,97250746,"+",1.89633001080813e-09,3.5877465730679e-08,52.1881287726358
"262226","NC_035785.1",4685166,4685166,"+",8.43937012014634e-35,3.80061707783722e-32,74.0215053763441
"262343","NC_035785.1",4744968,4744968,"+",3.99786973867451e-37,2.21159675477341e-34,60.8271397746344
"263740","NC_035785.1",12703932,12703932,"+",6.22713023405873e-30,1.70351890143369e-27,56.1190476190476
"264068","NC_035785.1",14156208,14156208,"+",1.64640047237861e-22,1.96724673882208e-20,64.4927536231884
"264449","NC_035785.1",14351205,14351205,"+",9.69116616732826e-42,8.03273409538012e-39,54.0512456598322
"264616","NC_035785.1",14598067,14598067,"+",7.51434239063208e-22,8.21540893574378e-20,55.8558558558559
"265769","NC_035785.1",16944853,16944853,"+",4.91287522400122e-18,3.36642467628716e-16,59.3941717791411
"265899","NC_035785.1",17356835,17356835,"+",3.93036328789287e-41,3.02650594049988e-38,58.6745689655172
"266958","NC_035785.1",29830588,29830588,"+",2.81967693791734e-42,2.45972845630911e-39,54.4203235944593
"267223","NC_035785.1",31238803,31238803,"+",1.15149582257922e-18,8.51473497409978e-17,59.6476816356334
"269332","NC_035785.1",33207618,33207618,"+",9.75452024171119e-48,1.36722426759821e-44,51.3123359580052
"276013","NC_035785.1",43783768,43783768,"+",2.04575339441277e-68,1.59498700293459e-64,55.6698564593301
"280809","NC_035786.1",8624214,8624214,"+",2.41710871636088e-20,2.19448846526367e-18,60.4520547945206
"281149","NC_035786.1",9998395,9998395,"+",2.29224214690257e-21,2.36906553185238e-19,52.7522154055896
"281267","NC_035786.1",11897415,11897415,"+",9.26399062807751e-16,4.68248939389297e-14,56.2288073123987
"281444","NC_035786.1",13808096,13808096,"+",8.57004436976508e-43,7.77506848166136e-40,63.8273651414991
"282928","NC_035786.1",18065666,18065666,"+",9.45766904796323e-15,4.15275901453144e-13,50.3887510339123
"284527","NC_035786.1",29945222,29945222,"+",2.26637507121209e-13,8.25337661981906e-12,54.038882803943
"284990","NC_035786.1",33053639,33053639,"+",5.7475139013037e-21,5.64102897507512e-19,50.709219858156
"285194","NC_035786.1",33817806,33817806,"+",3.83947429095481e-34,1.61264645143613e-31,55.107230874102
"285549","NC_035786.1",34109668,34109668,"+",7.33628526835859e-38,4.30666535472575e-35,66.0388332140301
"287158","NC_035786.1",38653052,38653052,"+",3.95108093833925e-35,1.81205290386507e-32,53.4679312901631
"287920","NC_035786.1",40104349,40104349,"+",2.89979953323166e-31,9.29912798434629e-29,62.3566391980291
"288489","NC_035786.1",41491820,41491820,"+",1.07491472851122e-22,1.31011680471542e-20,50.8469387755102
"289015","NC_035786.1",42414570,42414570,"+",2.22618907718823e-30,6.35483766977145e-28,56.1601415616014
"289322","NC_035786.1",42515700,42515700,"+",4.67008072690838e-19,3.62972064628559e-17,52.1265851195152
"289487","NC_035786.1",42548091,42548091,"+",6.36718612344466e-27,1.25776075893797e-24,50.3655978423734
"289891","NC_035786.1",42612850,42612850,"+",1.37380825421961e-15,6.77911345766004e-14,56.9444444444444
"293774","NC_035786.1",50905233,50905233,"+",1.86696992413504e-38,1.16447770175933e-35,50.5766884773206
"296581","NC_035786.1",57121447,57121447,"+",1.14693773171306e-27,2.46893837872541e-25,56.4992566737767
"297303","NC_035787.1",2052511,2052511,"+",8.6028841235933e-29,2.08382236495929e-26,55
"298310","NC_035787.1",8607356,8607356,"+",3.91801438750683e-57,1.15000822655905e-53,50.7922940364258
"299743","NC_035787.1",14736344,14736344,"+",9.45247197193731e-71,9.07038865945857e-67,56.7614719249377
"300311","NC_035787.1",18018537,18018537,"+",5.42508505237036e-57,1.57384495542958e-53,52.9734077313628
"301878","NC_035787.1",26805834,26805834,"+",1.71850851874559e-27,3.59992766321338e-25,67.1969696969697
"305535","NC_035787.1",36929768,36929768,"+",4.63012179214093e-25,7.32511703663613e-23,58.9304029304029
"306881","NC_035787.1",40995377,40995377,"+",3.55426488137567e-48,5.1257513371158e-45,69.1246958188924
"306907","NC_035787.1",41010274,41010274,"+",1.3525052122874e-30,4.00756617435077e-28,52.8357331766089
"307240","NC_035787.1",42603399,42603399,"+",1.00297407367029e-17,6.58506333900133e-16,57.2930866601753
"308489","NC_035787.1",44016222,44016222,"+",4.62485470414356e-39,3.05253139884904e-36,70.3349833083919
"308536","NC_035787.1",44144693,44144693,"+",7.83820512484769e-20,6.69711288886922e-18,50.4798540609137
"309418","NC_035787.1",45654371,45654371,"+",4.78138776075404e-15,2.19648382306088e-13,52.7235564639755
"310528","NC_035787.1",47281093,47281093,"+",2.8342292164875e-25,4.59462633115388e-23,50.9390629784628
"315502","NC_035787.1",53514334,53514334,"+",7.47658204568205e-19,5.65939161231323e-17,52.3915697828741
"315562","NC_035787.1",53528805,53528805,"+",7.29873176496525e-33,2.73417948502058e-30,63.8886075949367
"315750","NC_035787.1",54652600,54652600,"+",1.03036394491181e-26,1.99275904592799e-24,60.7785393017777
"316284","NC_035787.1",55858948,55858948,"+",1.87981931766057e-24,2.79664210546268e-22,50.5384859043396
"316405","NC_035787.1",55930619,55930619,"+",3.05422059431866e-23,4.00840994268851e-21,52.3070987654321
"316622","NC_035787.1",56264363,56264363,"+",8.08610030400708e-11,1.96474915461429e-09,63.0371297455152
"317782","NC_035787.1",59175631,59175631,"+",5.29324017028666e-11,1.3271154946917e-09,62.9644268774704
"322245","NC_035787.1",61702195,61702195,"+",1.61354232592771e-14,6.8755478536635e-13,52.6436781609195
"324486","NC_035787.1",63698647,63698647,"+",9.31291514262114e-35,4.17142362967063e-32,55.8712121212121
"324597","NC_035787.1",64163922,64163922,"+",1.40826564304725e-27,2.98005737302864e-25,56.1611529642974
"324598","NC_035787.1",64163924,64163924,"+",6.0100508204722e-32,2.07106354627482e-29,51.0367739718181
"324984","NC_035787.1",64479022,64479022,"+",3.16275799209367e-18,2.22087748192926e-16,61.7647058823529
"325794","NC_035787.1",69040757,69040757,"+",1.83903103499271e-20,1.6955676125764e-18,51.8523802729824
"326498","NC_035787.1",72586549,72586549,"+",2.31505181513527e-28,5.37786976473528e-26,52.1147414458451
"326518","NC_035787.1",72590357,72590357,"+",7.38732107129462e-31,2.26420849982e-28,63.5479773304671
"326972","NC_035787.1",73255303,73255303,"+",1.21473276407419e-31,4.03547494154441e-29,64.3415906127771
"327187","NC_035787.1",75185538,75185538,"+",3.38747069374539e-17,2.07855738331914e-15,54.1385052404741
"327642","NC_035788.1",3144298,3144298,"+",2.9166189057996e-26,5.33090424351517e-24,50.013543202817
"328624","NC_035788.1",11940135,11940135,"+",4.21331915847471e-54,9.5562063563548e-51,52.2463833228502
"328907","NC_035788.1",13021324,13021324,"+",6.21070064776747e-32,2.13137581015888e-29,57.5867552909514
"329647","NC_035788.1",18651925,18651925,"+",2.14893428339576e-19,1.74524245644753e-17,51.22665514427
"330845","NC_035788.1",22718207,22718207,"+",1.01701154840763e-35,4.96545248778816e-33,63.9795918367347
"334271","NC_035788.1",46282477,46282477,"+",2.52352377270892e-18,1.79422902724056e-16,50.7542236524537
"334946","NC_035788.1",48218754,48218754,"+",2.90564251407096e-60,1.18840971284023e-56,58.1797064723894
"335513","NC_035788.1",48520659,48520659,"+",7.81386484236583e-70,6.72235964358261e-66,51.0240872595061
"335567","NC_035788.1",48523420,48523420,"+",6.20399416328066e-87,2.57972835076866e-82,57.2023923269893
"335855","NC_035788.1",48576354,48576354,"+",1.52245930590169e-39,1.03498361679696e-36,55.1036833633179
"336274","NC_035788.1",49531183,49531183,"+",4.92330999229396e-14,1.96688326532198e-12,58.6824324324324
"336683","NC_035788.1",51732939,51732939,"+",1.54640892282984e-29,4.03993913056023e-27,57.9677827331425
"338180","NC_035788.1",53499670,53499670,"+",1.1982324072697e-24,1.8250762357999e-22,57.7820458102148
"339975","NC_035788.1",56154691,56154691,"+",5.39132044713663e-25,8.4809755149269e-23,54.3772032902468
"340024","NC_035788.1",56161205,56161205,"+",3.506010175503e-16,1.86427087650471e-14,51.6440422322775
"340314","NC_035788.1",56304984,56304984,"+",3.92802423608147e-18,2.72981714133834e-16,57.1815718157181
"341342","NC_035788.1",59053242,59053242,"+",6.40139019881541e-26,1.12868228065211e-23,73.9910313901345
"341343","NC_035788.1",59053338,59053338,"+",1.32068358384173e-42,1.17677814622215e-39,60.3422558511648
"343953","NC_035788.1",65572755,65572755,"+",2.14528031260867e-29,5.5178025976563e-27,51.077239693871
"343961","NC_035788.1",65573007,65573007,"+",2.50322415228397e-51,4.42929365359593e-48,51.4816675037669
"344627","NC_035788.1",66163902,66163902,"+",1.15475912052859e-43,1.12101680758763e-40,58.722785730085
"344834","NC_035788.1",66989252,66989252,"+",4.84498121704087e-17,2.9099092956372e-15,54.8626045400239
"346454","NC_035788.1",70228505,70228505,"+",9.04222043825368e-51,1.53465797997436e-47,54.2308351912193
"346476","NC_035788.1",70231742,70231742,"+",8.97579329530329e-60,3.24546999395415e-56,52.5336972395796
"346924","NC_035788.1",70761662,70761662,"+",3.29857421933684e-42,2.85750907895697e-39,55.1347769989887
"347045","NC_035788.1",70996376,70996376,"+",6.61995303814002e-44,6.60645903285621e-41,68.6722488038277
"347529","NC_035788.1",71239722,71239722,"+",5.40538308623838e-17,3.21322661467423e-15,53.4995206136146
"349944","NC_035788.1",75693190,75693190,"+",7.93865001777898e-56,2.06314270882399e-52,53.4867975626269
"350103","NC_035788.1",76194269,76194269,"+",4.67963580769016e-25,7.39407364422139e-23,51.6870471014493
"350104","NC_035788.1",76194282,76194282,"+",1.33675244747306e-23,1.82144679531432e-21,50.5917808219178
"350230","NC_035788.1",77344602,77344602,"+",3.23366276474754e-17,1.98907255844988e-15,54.4660194174757
"351971","NC_035788.1",80521353,80521353,"+",3.53599098305585e-27,7.12597592121023e-25,61.9674574587008
"356243","NC_035788.1",92754574,92754574,"+",4.49111475523133e-14,1.80462237860281e-12,60.4805302402651
"357003","NC_035788.1",99540197,99540197,"+",6.57813195871951e-21,6.41336772259485e-19,51.4131040522251
"359213","NC_035789.1",4916415,4916415,"+",9.99802633191053e-12,2.81886272929704e-10,53.0582166543847
"360171","NC_035789.1",7947064,7947064,"+",7.13329588319299e-15,3.1871219055114e-13,57.1428571428571
"361445","NC_035789.1",10721394,10721394,"+",3.07872586976118e-33,1.20017587683806e-30,55.7724056603774
"362235","NC_035789.1",25054246,25054246,"+",2.42739302219685e-15,1.16217859503502e-13,56.5625
